time,catalogue_1,payment_2,user_3,catalogue_4,front-end_5,front-end_6,user_7,front-end_8,front-end_9,front-end_10,front-end_11,front-end_12,front-end_13,front-end_14,front-end_15,user_16,front-end_17,front-end_18,user_19,front-end_20,front-end_21,front-end_22,front-end_23,front-end_24,catalogue_25,front-end_26,front-end_27,front-end_28,front-end_29,user_30,front-end_31,front-end_32,front-end_33,front-end_34,front-end_35,user_36,user_37,orders_38,payment_39,orders_40,shipping_41,queue-master_42,queue-master_43,queue-master_44,queue-master_45,queue-master_46,front-end_47,front-end_48,carts_49,user_50,user-db_51,user_52,front-end_53,front-end_54,user-db_55,orders_56,orders_57,front-end_58,front-end_59,front-end_60,front-end_61,front-end_62,front-end_63,front-end_64,front-end_65,front-end_66,front-end_67,front-end_68,front-end_69,front-end_70,front-end_71,orders_72,front-end_73,front-end_74,front-end_75,front-end_76,front-end_77,front-end_78,front-end_79,front-end_80,front-end_81,front-end_82,front-end_83,front-end_84,front-end_85,front-end_86,front-end_87,front-end_88,front-end_89,front-end_90,front-end_91,front-end_92,front-end_93,front-end_94,front-end_95,front-end_96,front-end_97,front-end_98,front-end_99,front-end_100,front-end_101,front-end_102,user_103,user_104,front-end_105,front-end_106,front-end_107,front-end_108,front-end_109
1705796265,8,6,6,11,11,0,0,0,0,0,0,0,0,0,0,0,0,0,0,0,0,0,0,0,0,0,0,0,0,0,0,0,0,0,0,0,0,0,0,0,0,0,0,0,0,0,0,0,0,0,0,0,0,0,0,0,0,0,0,0,0,0,0,0,0,0,0,0,0,0,0,0,0,0,0,0,0,0,0,0,0,0,0,0,0,0,0,0,0,0,0,0,0,0,0,0,0,0,0,0,0,0,0,0,0,0,0,0,0
1705796280,10,10,10,39,39,14,14,14,14,14,14,14,14,14,6,6,6,6,6,6,6,6,5,5,5,5,5,5,0,0,0,0,0,0,0,0,0,0,0,0,0,0,0,0,0,0,0,0,0,0,0,0,0,0,0,0,0,0,0,0,0,0,0,0,0,0,0,0,0,0,0,0,0,0,0,0,0,0,0,0,0,0,0,0,0,0,0,0,0,0,0,0,0,0,0,0,0,0,0,0,0,0,0,0,0,0,0,0,0
1705796295,10,10,10,0,0,23,23,23,23,23,23,23,23,23,20,20,20,20,20,20,20,20,21,21,21,21,21,21,4,13,10,4,4,3,3,3,3,3,3,3,3,3,3,9,9,3,6,3,0,0,0,0,0,0,0,0,0,0,0,0,0,0,0,0,0,0,0,0,0,0,0,0,0,0,0,0,0,0,0,0,0,0,0,0,0,0,0,0,0,0,0,0,0,0,0,0,0,0,0,0,0,0,0,0,0,0,0,0,0
1705796310,10,10,10,13,13,13,13,13,13,13,13,13,13,13,19,19,19,19,19,19,19,19,19,19,19,19,19,19,20,83,62,20,20,21,21,21,21,21,21,21,21,21,21,63,63,21,42,21,23,0,0,0,0,0,0,0,0,0,0,0,0,0,0,0,0,0,0,0,0,0,0,0,0,0,0,0,0,0,0,0,0,0,0,0,0,0,0,0,0,0,0,0,0,0,0,0,0,0,0,0,0,0,0,0,0,0,0,0,0
1705796325,10,10,10,21,21,8,8,8,8,8,8,8,8,8,8,8,8,8,8,8,7,7,7,7,7,7,7,7,23,92,69,23,23,23,23,23,23,23,23,23,23,23,23,69,69,23,46,23,0,0,0,0,0,0,0,0,0,0,0,0,0,0,0,0,0,0,0,0,0,0,0,0,0,0,0,0,0,0,0,0,0,0,0,0,0,0,0,0,0,0,0,0,0,0,0,0,0,0,0,0,0,0,0,0,0,0,0,0,0
1705796340,10,10,10,15,15,20,20,20,20,20,20,20,20,20,16,15,15,15,15,15,16,16,16,16,16,16,16,15,8,32,24,8,8,8,8,8,8,8,8,8,8,8,8,24,24,8,16,8,0,0,0,0,0,0,0,0,0,0,0,0,0,0,0,0,0,0,0,0,0,0,0,0,0,0,0,0,0,0,0,0,0,0,0,0,0,0,0,0,0,0,0,0,0,0,0,0,0,0,0,0,0,0,0,0,0,0,0,0,0
1705796355,10,10,10,10,10,19,19,19,19,19,19,19,19,19,20,21,21,21,21,21,21,21,21,21,21,21,21,22,14,56,42,14,14,14,14,14,14,14,14,14,14,14,14,42,42,14,28,14,0,0,0,0,0,0,0,0,0,0,0,0,0,0,0,0,0,0,0,0,0,0,0,0,0,0,0,0,0,0,0,0,0,0,0,0,0,0,0,0,0,0,0,0,0,0,0,0,0,0,0,0,0,0,0,0,0,0,0,0,0
1705796370,10,10,10,16,16,8,8,8,8,8,8,8,8,8,13,13,13,13,13,13,13,13,13,13,13,13,13,13,25,100,75,25,25,25,25,25,25,25,25,25,25,25,25,75,75,25,50,25,23,0,0,0,0,0,0,0,0,0,0,0,0,0,0,0,0,0,0,0,0,0,0,0,0,0,0,0,0,0,0,0,0,0,0,0,0,0,0,0,0,0,0,0,0,0,0,0,0,0,0,0,0,0,0,0,0,0,0,0,0
1705796385,10,10,10,22,22,16,16,16,16,16,16,16,16,16,9,9,9,9,9,9,9,9,9,9,9,9,9,8,9,36,27,9,9,9,9,9,9,9,9,9,9,9,9,27,27,9,18,9,23,0,0,0,0,0,0,0,0,0,0,0,0,0,0,0,0,0,0,0,0,0,0,0,0,0,0,0,0,0,0,0,0,0,0,0,0,0,0,0,0,0,0,0,0,0,0,0,0,0,0,0,0,0,0,0,0,0,0,0,0
1705796400,10,10,10,9,9,20,20,20,20,20,20,20,20,20,24,24,24,24,24,24,24,24,24,24,24,24,24,25,11,44,33,11,11,11,11,11,11,11,11,11,11,11,11,33,33,11,22,11,23,0,0,0,0,0,0,0,0,0,0,0,0,0,0,0,0,0,0,0,0,0,0,0,0,0,0,0,0,0,0,0,0,0,0,0,0,0,0,0,0,0,0,0,0,0,0,0,0,0,0,0,0,0,0,0,0,0,0,0,0
1705796415,10,10,10,12,12,12,12,12,12,12,12,12,12,12,13,13,13,13,13,13,13,13,13,13,13,13,13,13,22,88,66,22,22,22,22,22,22,22,22,22,22,22,22,66,66,22,44,22,0,0,0,0,0,0,0,0,0,0,0,0,0,0,0,0,0,0,0,0,0,0,0,0,0,0,0,0,0,0,0,0,0,0,0,0,0,0,0,0,0,0,0,0,0,0,0,0,0,0,0,0,0,0,0,0,0,0,0,0,0
1705796430,10,10,10,21,21,17,17,17,17,17,17,17,17,17,14,14,14,14,14,14,14,14,14,14,14,14,14,14,12,48,36,12,12,12,12,12,12,12,12,12,12,12,12,36,36,12,24,12,23,0,0,0,0,0,0,0,0,0,0,0,0,0,0,0,0,0,0,0,0,0,0,0,0,0,0,0,0,0,0,0,0,0,0,0,0,0,0,0,0,0,0,0,0,0,0,0,0,0,0,0,0,0,0,0,0,0,0,0,0
1705796445,10,10,10,16,15,15,15,15,15,15,15,15,15,15,18,18,18,18,18,18,18,18,18,18,18,18,18,18,18,72,54,18,18,18,18,18,18,18,18,18,18,18,18,54,54,18,36,18,23,0,0,0,0,0,0,0,0,0,0,0,0,0,0,0,0,0,0,0,0,0,0,0,0,0,0,0,0,0,0,0,0,0,0,0,0,0,0,0,0,0,0,0,0,0,0,0,0,0,0,0,0,0,0,0,0,0,0,0,0
1705796460,10,10,10,20,21,22,22,22,22,22,22,22,22,22,15,15,15,15,15,15,14,14,14,14,14,14,14,14,14,56,42,14,14,14,14,14,14,14,14,14,14,14,14,42,42,14,28,14,92,0,0,0,0,0,0,0,0,0,0,0,0,0,0,0,0,0,0,0,0,0,0,0,0,0,0,0,0,0,0,0,0,0,0,0,0,0,0,0,0,0,0,0,0,0,0,0,0,0,0,0,0,0,0,0,0,0,0,0,0
1705796475,10,10,10,11,11,7,7,7,7,7,7,7,7,7,14,14,14,14,14,14,15,15,15,15,15,15,15,15,19,76,57,19,19,19,19,19,19,19,19,19,19,19,19,57,57,19,38,19,0,0,0,0,0,0,0,0,0,0,0,0,0,0,0,0,0,0,0,0,0,0,0,0,0,0,0,0,0,0,0,0,0,0,0,0,0,0,0,0,0,0,0,0,0,0,0,0,0,0,0,0,0,0,0,0,0,0,0,0,0
1705796490,10,10,10,17,17,17,17,17,17,17,17,17,17,17,15,15,15,15,15,15,15,15,15,15,15,15,15,15,11,44,33,11,11,11,11,11,11,11,11,11,11,11,11,33,33,11,22,11,0,0,0,0,0,0,0,0,0,0,0,0,0,0,0,0,0,0,0,0,0,0,0,0,0,0,0,0,0,0,0,0,0,0,0,0,0,0,0,0,0,0,0,0,0,0,0,0,0,0,0,0,0,0,0,0,0,0,0,0,0
1705796505,10,10,10,10,10,20,19,19,19,19,19,19,19,19,18,18,18,18,18,18,18,18,18,18,18,18,18,18,15,60,45,15,15,15,15,15,15,15,15,15,15,15,15,45,45,15,30,15,46,0,0,0,0,0,0,0,0,0,0,0,0,0,0,0,0,0,0,0,0,0,0,0,0,0,0,0,0,0,0,0,0,0,0,0,0,0,0,0,0,0,0,0,0,0,0,0,0,0,0,0,0,0,0,0,0,0,0,0,0
1705796520,10,10,10,19,19,15,16,16,16,16,16,16,16,16,13,13,13,13,13,13,13,13,13,13,13,13,13,13,19,73,55,18,18,18,18,18,18,18,18,18,18,18,18,54,54,18,36,18,23,0,0,0,0,0,0,0,0,0,0,0,0,0,0,0,0,0,0,0,0,0,0,0,0,0,0,0,0,0,0,0,0,0,0,0,0,0,0,0,0,0,0,0,0,0,0,0,0,0,0,0,0,0,0,0,0,0,0,0,0
1705796535,10,10,10,17,17,14,14,14,14,14,14,14,14,14,15,15,15,15,15,15,14,14,14,14,14,14,14,14,12,51,38,13,13,13,13,13,13,13,13,13,13,13,13,39,39,13,26,13,0,0,0,0,0,0,0,0,0,0,0,0,0,0,0,0,0,0,0,0,0,0,0,0,0,0,0,0,0,0,0,0,0,0,0,0,0,0,0,0,0,0,0,0,0,0,0,0,0,0,0,0,0,0,0,0,0,0,0,0,0
1705796550,10,10,10,16,16,15,15,15,15,15,15,15,15,15,15,15,15,15,15,15,16,16,16,16,16,16,16,16,14,56,42,14,14,14,14,14,14,14,14,14,14,14,14,42,42,14,28,14,23,0,0,0,0,0,0,0,0,0,0,0,0,0,0,0,0,0,0,0,0,0,0,0,0,0,0,0,0,0,0,0,0,0,0,0,0,0,0,0,0,0,0,0,0,0,0,0,0,0,0,0,0,0,0,0,0,0,0,0,0
1705796565,10,10,10,11,11,16,16,16,16,16,16,16,16,16,23,23,23,23,23,23,23,23,23,23,23,23,23,23,20,80,60,20,20,20,20,20,20,20,20,20,20,20,20,60,60,20,40,20,23,0,0,0,0,0,0,0,0,0,0,0,0,0,0,0,0,0,0,0,0,0,0,0,0,0,0,0,0,0,0,0,0,0,0,0,0,0,0,0,0,0,0,0,0,0,0,0,0,0,0,0,0,0,0,0,0,0,0,0,0
1705796580,10,10,10,19,19,16,16,16,16,16,16,16,16,16,13,13,13,13,13,13,13,13,13,13,13,13,13,13,18,72,54,18,18,18,18,18,18,18,18,18,18,18,18,54,54,18,36,18,0,0,0,0,0,0,0,0,0,0,0,0,0,0,0,0,0,0,0,0,0,0,0,0,0,0,0,0,0,0,0,0,0,0,0,0,0,0,0,0,0,0,0,0,0,0,0,0,0,0,0,0,0,0,0,0,0,0,0,0,0
1705796595,10,10,10,16,16,16,16,16,16,16,16,16,16,16,13,13,13,13,13,13,13,13,13,13,13,13,13,13,16,64,48,16,16,16,16,16,16,16,16,16,16,16,16,48,48,16,32,16,0,0,0,0,0,0,0,0,0,0,0,0,0,0,0,0,0,0,0,0,0,0,0,0,0,0,0,0,0,0,0,0,0,0,0,0,0,0,0,0,0,0,0,0,0,0,0,0,0,0,0,0,0,0,0,0,0,0,0,0,0
1705796610,10,10,10,17,17,14,14,14,14,14,14,14,14,14,19,19,19,19,19,19,19,19,19,19,19,19,19,19,14,56,42,14,14,14,14,14,14,14,14,14,14,14,14,42,42,14,28,14,0,0,0,0,0,0,0,0,0,0,0,0,0,0,0,0,0,0,0,0,0,0,0,0,0,0,0,0,0,0,0,0,0,0,0,0,0,0,0,0,0,0,0,0,0,0,0,0,0,0,0,0,0,0,0,0,0,0,0,0,0
1705796625,10,10,10,17,17,17,17,17,17,17,17,17,17,17,14,14,14,14,14,14,14,14,14,14,14,14,14,14,16,64,48,16,16,16,16,16,16,16,16,16,16,16,16,48,48,16,32,16,0,0,0,0,0,0,0,0,0,0,0,0,0,0,0,0,0,0,0,0,0,0,0,0,0,0,0,0,0,0,0,0,0,0,0,0,0,0,0,0,0,0,0,0,0,0,0,0,0,0,0,0,0,0,0,0,0,0,0,0,0
1705796640,10,10,10,12,12,15,15,15,15,15,15,15,15,15,12,12,12,12,12,12,12,12,12,12,12,12,12,12,15,60,45,15,15,15,15,15,15,15,15,15,15,15,15,45,45,15,30,15,0,0,0,0,0,0,0,0,0,0,0,0,0,0,0,0,0,0,0,0,0,0,0,0,0,0,0,0,0,0,0,0,0,0,0,0,0,0,0,0,0,0,0,0,0,0,0,0,0,0,0,0,0,0,0,0,0,0,0,0,0
1705796655,10,10,10,16,16,15,15,15,15,15,15,15,15,15,18,18,18,18,18,18,18,18,18,18,18,18,18,18,15,60,45,15,15,15,15,15,15,15,15,15,15,15,15,45,45,15,30,15,23,0,0,0,0,0,0,0,0,0,0,0,0,0,0,0,0,0,0,0,0,0,0,0,0,0,0,0,0,0,0,0,0,0,0,0,0,0,0,0,0,0,0,0,0,0,0,0,0,0,0,0,0,0,0,0,0,0,0,0,0
1705796670,10,10,10,16,16,17,17,17,17,17,17,17,17,17,16,16,16,16,16,16,16,16,16,16,16,16,16,16,14,56,42,14,14,14,14,14,14,14,14,14,14,14,14,42,42,14,28,14,0,0,0,0,0,0,0,0,0,0,0,0,0,0,0,0,0,0,0,0,0,0,0,0,0,0,0,0,0,0,0,0,0,0,0,0,0,0,0,0,0,0,0,0,0,0,0,0,0,0,0,0,0,0,0,0,0,0,0,0,0
1705796685,10,10,10,13,13,14,14,14,14,14,14,14,14,14,11,11,11,11,11,11,11,11,11,11,11,11,11,11,21,84,63,21,21,21,21,21,21,21,21,21,21,21,21,63,63,21,42,21,0,0,0,0,0,0,0,0,0,0,0,0,0,0,0,0,0,0,0,0,0,0,0,0,0,0,0,0,0,0,0,0,0,0,0,0,0,0,0,0,0,0,0,0,0,0,0,0,0,0,0,0,0,0,0,0,0,0,0,0,0
1705796700,10,10,10,17,17,16,16,16,16,16,16,16,16,16,17,17,17,17,17,17,17,17,17,17,17,17,17,17,5,20,15,5,5,5,5,5,5,5,5,5,5,5,5,15,15,5,10,5,0,0,0,0,0,0,0,0,0,0,0,0,0,0,0,0,0,0,0,0,0,0,0,0,0,0,0,0,0,0,0,0,0,0,0,0,0,0,0,0,0,0,0,0,0,0,0,0,0,0,0,0,0,0,0,0,0,0,0,0,0
1705796715,10,10,10,13,13,15,15,15,15,15,15,15,15,15,16,16,16,16,16,16,16,16,16,16,16,16,16,16,21,84,63,21,21,21,21,21,21,21,21,21,21,21,21,63,63,21,42,21,0,0,0,0,0,0,0,0,0,0,0,0,0,0,0,0,0,0,0,0,0,0,0,0,0,0,0,0,0,0,0,0,0,0,0,0,0,0,0,0,0,0,0,0,0,0,0,0,0,0,0,0,0,0,0,0,0,0,0,0,0
1705796730,10,10,10,19,19,13,13,13,13,13,13,13,13,13,14,14,14,14,14,14,14,14,14,14,14,14,14,14,14,56,42,14,14,14,14,14,14,14,14,14,14,14,14,42,42,14,28,14,0,0,0,0,0,0,0,0,0,0,0,0,0,0,0,0,0,0,0,0,0,0,0,0,0,0,0,0,0,0,0,0,0,0,0,0,0,0,0,0,0,0,0,0,0,0,0,0,0,0,0,0,0,0,0,0,0,0,0,0,0
1705796745,10,10,10,15,15,17,17,17,17,17,17,17,17,17,18,18,18,18,18,18,18,18,18,18,18,18,18,18,16,63,48,16,16,16,16,16,16,16,16,16,16,16,16,48,48,16,32,16,0,1,0,0,0,0,0,0,0,0,0,0,0,0,0,0,0,0,0,0,0,0,0,0,0,0,0,0,0,0,0,0,0,0,0,0,0,0,0,0,0,0,0,0,0,0,0,0,0,0,0,0,0,0,0,0,0,0,0,0,0
1705796760,10,10,10,15,15,19,19,19,19,19,19,19,19,19,17,17,17,17,17,17,17,17,17,17,17,17,17,17,14,56,42,14,14,14,14,14,14,14,14,14,14,14,14,42,42,14,28,14,0,0,0,0,0,0,0,0,0,0,0,0,0,0,0,0,0,0,0,0,0,0,0,0,0,0,0,0,0,0,0,0,0,0,0,0,0,0,0,0,0,0,0,0,0,0,0,0,0,0,0,0,0,0,0,0,0,0,0,0,0
1705796775,10,10,10,15,15,8,8,8,8,8,8,8,8,8,13,13,13,13,13,13,12,12,12,12,12,12,12,12,17,68,51,17,17,17,17,17,17,17,17,17,17,17,17,51,51,17,34,17,0,0,0,0,0,0,0,0,0,0,0,0,0,0,0,0,0,0,0,0,0,0,0,0,0,0,0,0,0,0,0,0,0,0,0,0,0,0,0,0,0,0,0,0,0,0,0,0,0,0,0,0,0,0,0,0,0,0,0,0,0
1705796790,10,10,10,15,15,12,12,12,12,12,12,12,12,12,11,11,11,11,11,11,12,12,12,12,12,12,12,12,15,60,45,15,15,15,15,15,15,15,15,15,15,15,15,45,45,15,30,15,23,0,0,0,0,0,0,0,0,0,0,0,0,0,0,0,0,0,0,0,0,0,0,0,0,0,0,0,0,0,0,0,0,0,0,0,0,0,0,0,0,0,0,0,0,0,0,0,0,0,0,0,0,0,0,0,0,0,0,0,0
1705796805,10,10,10,12,12,19,19,19,19,19,19,19,19,19,17,17,17,17,17,17,17,17,17,17,17,17,17,17,9,36,27,9,9,9,9,9,9,9,9,9,9,9,9,27,27,9,18,9,0,0,0,0,0,0,0,0,0,0,0,0,0,0,0,0,0,0,0,0,0,0,0,0,0,0,0,0,0,0,0,0,0,0,0,0,0,0,0,0,0,0,0,0,0,0,0,0,0,0,0,0,0,0,0,0,0,0,0,0,0
1705796820,10,10,10,13,13,14,14,14,14,14,14,14,14,14,16,16,16,16,16,16,16,16,16,16,16,16,16,16,18,72,54,18,18,18,18,18,18,18,18,18,18,18,18,54,54,18,36,18,0,0,0,0,0,0,0,0,0,0,0,0,0,0,0,0,0,0,0,0,0,0,0,0,0,0,0,0,0,0,0,0,0,0,0,0,0,0,0,0,0,0,0,0,0,0,0,0,0,0,0,0,0,0,0,0,0,0,0,0,0
1705796835,10,10,10,17,17,16,16,16,16,16,16,16,16,16,15,15,15,15,15,15,15,15,15,15,15,14,14,14,17,68,51,17,17,17,17,17,17,17,17,17,17,17,17,51,51,17,34,17,0,0,0,0,0,0,0,0,0,0,0,0,0,0,0,0,0,0,0,0,0,0,0,0,0,0,0,0,0,0,0,0,0,0,0,0,0,0,0,0,0,0,0,0,0,0,0,0,0,0,0,0,0,0,0,0,0,0,0,0,0
1705796850,10,10,10,16,16,17,17,17,17,17,17,17,17,17,14,14,14,14,14,14,14,14,14,14,14,15,15,15,11,44,33,11,11,11,11,11,11,11,11,11,11,11,11,33,33,11,22,11,23,0,0,0,0,0,0,0,0,0,0,0,0,0,0,0,0,0,0,0,0,0,0,0,0,0,0,0,0,0,0,0,0,0,0,0,0,0,0,0,0,0,0,0,0,0,0,0,0,0,0,0,0,0,0,0,0,0,0,0,0
1705796865,10,10,10,12,12,17,17,17,17,17,17,17,17,17,19,19,19,19,19,19,19,19,19,19,19,19,19,19,16,64,48,16,16,16,16,16,16,16,16,16,16,16,16,48,48,16,32,16,0,0,0,0,0,0,0,0,0,0,0,0,0,0,0,0,0,0,0,0,0,0,0,0,0,0,0,0,0,0,0,0,0,0,0,0,0,0,0,0,0,0,0,0,0,0,0,0,0,0,0,0,0,0,0,0,0,0,0,0,0
1705796880,10,10,10,16,16,12,12,12,12,12,12,12,12,12,16,16,16,16,16,16,16,16,16,16,16,16,16,16,22,88,66,22,22,22,22,22,22,22,22,22,22,22,22,66,66,22,44,22,46,0,0,0,0,0,0,0,0,0,0,0,0,0,0,0,0,0,0,0,0,0,0,0,0,0,0,0,0,0,0,0,0,0,0,0,0,0,0,0,0,0,0,0,0,0,0,0,0,0,0,0,0,0,0,0,0,0,0,0,0
1705796895,10,10,10,19,19,13,13,13,13,13,13,13,13,13,7,7,7,7,7,7,7,7,7,7,7,7,7,7,14,56,42,14,14,14,14,14,14,14,14,14,14,14,14,42,42,14,28,14,0,0,0,0,0,0,0,0,0,0,0,0,0,0,0,0,0,0,0,0,0,0,0,0,0,0,0,0,0,0,0,0,0,0,0,0,0,0,0,0,0,0,0,0,0,0,0,0,0,0,0,0,0,0,0,0,0,0,0,0,0
1705796910,10,10,10,15,15,23,23,23,23,23,23,23,23,23,14,14,14,14,14,14,14,13,13,13,13,13,13,13,7,28,21,7,7,7,7,7,7,7,7,7,7,7,7,21,21,7,14,7,0,0,0,0,0,0,0,0,0,0,0,0,0,0,0,0,0,0,0,0,0,0,0,0,0,0,0,0,0,0,0,0,0,0,0,0,0,0,0,0,0,0,0,0,0,0,0,0,0,0,0,0,0,0,0,0,0,0,0,0,0
1705796925,10,10,10,10,10,13,13,13,13,13,13,13,13,13,25,25,25,25,25,25,25,26,26,26,26,26,26,26,20,80,60,20,20,20,20,20,20,20,20,20,20,20,20,60,60,20,40,20,23,0,0,0,0,0,0,0,0,0,0,0,0,0,0,0,0,0,0,0,0,0,0,0,0,0,0,0,0,0,0,0,0,0,0,0,0,0,0,0,0,0,0,0,0,0,0,0,0,0,0,0,0,0,0,0,0,0,0,0,0
1705796940,10,10,10,21,21,11,11,11,11,11,11,11,11,11,11,11,11,11,11,11,11,11,11,11,11,11,11,11,19,76,57,19,19,19,19,19,19,19,19,19,19,19,19,57,57,19,38,19,23,0,0,0,0,0,0,0,0,0,0,0,0,0,0,0,0,0,0,0,0,0,0,0,0,0,0,0,0,0,0,0,0,0,0,0,0,0,0,0,0,0,0,0,0,0,0,0,0,0,0,0,0,0,0,0,0,0,0,0,0
1705796955,10,10,10,14,14,17,17,17,17,17,17,17,17,17,15,15,15,15,15,15,15,15,15,15,15,15,15,14,11,44,33,11,11,11,11,11,11,11,11,11,11,11,11,33,33,11,22,11,0,0,0,0,0,0,0,0,0,0,0,0,0,0,0,0,0,0,0,0,0,0,0,0,0,0,0,0,0,0,0,0,0,0,0,0,0,0,0,0,0,0,0,0,0,0,0,0,0,0,0,0,0,0,0,0,0,0,0,0,0
1705796970,10,10,10,14,14,15,15,15,15,15,15,15,15,15,13,13,13,13,13,13,13,13,13,13,13,13,13,14,17,68,51,17,17,17,17,17,17,17,17,17,17,17,17,51,51,17,34,17,0,0,0,0,0,0,0,0,0,0,0,0,0,0,0,0,0,0,0,0,0,0,0,0,0,0,0,0,0,0,0,0,0,0,0,0,0,0,0,0,0,0,0,0,0,0,0,0,0,0,0,0,0,0,0,0,0,0,0,0,0
1705796985,10,10,7,14,14,18,17,17,17,17,17,17,17,17,17,17,17,17,16,16,16,16,16,16,16,16,16,16,12,40,28,10,10,9,9,9,9,9,9,9,9,9,9,27,27,9,18,9,23,0,0,0,0,0,0,0,0,0,0,0,0,0,0,0,0,0,0,0,0,0,0,0,0,0,0,0,0,0,0,0,0,0,0,0,0,0,0,0,0,0,0,0,0,0,0,0,0,0,0,0,0,0,0,0,0,0,0,0,0
1705797000,10,10,8,13,13,7,8,8,8,8,8,8,8,8,15,14,14,14,15,15,15,15,15,15,15,15,15,15,16,70,55,18,18,18,18,18,18,16,16,16,16,16,16,48,48,16,32,16,0,0,2,0,0,0,0,0,0,0,0,0,0,0,0,0,0,0,0,0,0,0,0,0,0,0,0,0,0,0,0,0,0,0,0,0,0,0,0,0,0,0,0,0,0,0,0,0,0,0,0,0,0,0,0,0,0,0,0,0,0
1705797015,10,10,8,18,18,21,21,21,21,21,21,21,21,21,12,12,12,12,11,11,10,10,10,10,10,10,10,10,15,55,39,13,13,14,14,13,13,15,15,15,15,15,15,45,45,15,32,15,0,0,0,1,1,1,1,0,0,0,0,0,0,0,0,0,0,0,0,0,0,0,0,0,0,0,0,0,0,0,0,0,0,0,0,0,0,0,0,0,0,0,0,0,0,0,0,0,0,0,0,0,0,0,0,0,0,0,0,0,0
1705797030,10,10,6,13,13,14,13,13,13,13,13,13,13,13,17,18,18,18,19,19,20,20,20,20,20,20,20,20,14,52,40,14,14,12,12,12,12,10,10,10,10,10,10,30,30,10,20,10,23,0,0,0,0,0,1,0,0,0,0,0,0,0,0,0,0,0,0,0,0,0,0,0,0,0,0,0,0,0,0,0,0,0,0,0,0,0,0,0,0,0,0,0,0,0,0,0,0,0,0,0,0,0,0,0,0,0,0,0,0
1705797045,10,10,7,13,13,11,12,11,11,11,11,11,11,11,15,15,15,15,15,15,15,15,15,15,15,15,15,15,13,62,47,15,15,17,17,17,17,17,17,17,17,17,17,51,51,17,34,17,0,0,0,0,4,0,0,142,2,2,0,0,0,0,0,0,0,0,0,0,0,0,0,0,0,0,0,0,0,0,0,0,0,0,0,0,0,0,0,0,0,0,0,0,0,0,0,0,0,0,0,0,0,0,0,0,0,0,0,0,0
1705797060,10,10,8,15,15,11,11,12,12,12,11,11,11,11,9,9,9,9,9,9,9,9,9,9,9,9,9,9,17,67,50,17,17,16,16,16,16,14,14,14,14,14,14,42,42,14,28,14,23,0,0,0,2,0,0,71,1,1,0,0,0,0,0,0,0,0,0,0,0,0,0,0,0,0,0,0,0,0,0,0,0,0,0,0,0,0,0,0,0,0,0,0,0,0,0,0,0,0,0,0,0,0,0,0,0,0,0,0,0
1705797075,10,10,9,13,13,21,21,21,21,21,22,22,22,22,18,17,17,17,16,16,16,16,16,16,16,16,16,16,10,40,31,10,10,11,11,11,11,11,11,11,11,11,11,33,33,11,22,11,23,0,0,0,0,0,1,0,0,0,0,0,0,0,0,0,0,0,0,0,0,0,0,0,0,0,0,0,0,0,0,0,0,0,0,0,0,0,0,0,0,0,0,0,0,0,0,0,0,0,0,0,0,0,0,0,0,0,0,0,0
1705797090,10,10,8,12,12,14,14,14,14,14,14,14,14,14,14,14,14,14,14,14,14,14,14,14,14,14,14,14,16,60,43,15,15,13,13,13,13,14,14,14,14,14,14,42,42,14,28,14,0,0,1,0,0,0,2,0,0,0,0,0,0,0,0,0,0,0,0,0,0,0,0,0,0,0,0,0,0,0,0,0,0,0,0,0,0,0,0,0,0,0,0,0,0,0,0,0,0,0,0,0,0,0,0,0,0,0,0,0,0
1705797105,10,10,8,16,16,12,12,12,12,12,12,12,12,12,14,15,15,15,16,16,16,16,16,16,16,16,16,16,14,60,46,15,15,16,16,16,15,15,15,15,15,15,15,45,45,15,30,15,0,0,2,0,0,0,0,0,0,0,0,0,0,0,0,0,0,0,0,0,0,0,0,0,0,0,0,0,0,0,0,0,0,0,0,0,0,0,0,0,0,0,0,0,0,0,0,0,0,0,0,0,0,0,0,0,0,0,0,0,0
1705797120,10,10,7,14,14,13,13,13,13,13,13,13,13,13,14,13,13,13,13,13,13,13,13,13,13,13,13,13,17,63,48,16,16,16,16,16,17,15,15,15,15,15,15,45,45,15,30,15,0,0,0,0,0,0,0,0,0,0,0,0,0,0,0,0,0,0,0,0,0,0,0,0,0,0,0,0,0,0,0,0,0,0,0,0,0,0,0,0,0,0,0,0,0,0,0,0,0,0,0,0,0,0,0,0,0,0,0,0,0
1705797135,10,10,7,15,15,18,18,18,18,18,18,18,18,18,16,16,16,16,16,16,16,16,16,16,16,16,16,16,13,53,38,13,13,12,12,12,12,14,14,14,14,14,14,42,42,14,28,14,23,0,0,0,0,0,1,0,0,0,0,0,0,0,0,0,0,0,0,0,0,0,0,0,0,0,0,0,0,0,0,0,0,0,0,0,0,0,0,0,0,0,0,0,0,0,0,0,0,0,0,0,0,0,0,0,0,0,0,0,0
1705797150,10,10,8,11,11,12,12,12,12,12,12,12,12,12,12,13,13,13,12,13,13,12,12,12,12,12,12,12,12,48,39,12,12,14,14,13,13,13,13,13,13,13,13,39,39,13,26,13,23,0,2,0,0,0,0,26,0,0,1,1,1,1,1,1,1,1,2,1,1,1,1,1,1,1,1,1,1,1,1,1,2,1,1,1,1,1,1,1,1,1,1,1,1,1,1,1,1,1,1,1,1,1,0,0,0,0,0,0,0
1705797165,10,10,8,0,0,0,0,0,0,0,0,0,0,0,0,0,0,0,0,0,0,0,0,0,0,0,0,0,0,0,0,0,0,0,0,0,0,0,0,0,0,0,0,0,0,0,0,0,0,0,0,0,0,0,0,0,0,0,0,0,0,0,0,0,0,0,0,0,0,0,0,0,0,0,0,0,0,0,0,0,0,0,0,0,0,0,0,0,0,0,0,0,0,0,0,0,0,0,0,0,0,0,0,0,0,0,0,0,0
1705797180,10,10,7,8,8,1,1,1,1,1,1,1,1,1,1,1,1,1,1,1,1,1,1,1,1,1,1,1,2,4,2,1,1,0,0,0,0,0,0,0,0,0,0,0,0,0,0,0,0,0,0,0,0,0,0,0,0,0,0,0,0,0,0,0,0,0,0,0,0,0,0,0,0,0,0,0,0,0,0,0,0,0,0,0,0,0,0,0,0,0,0,0,0,0,0,0,0,0,0,0,0,0,0,0,0,0,0,0,0
1705797195,10,10,10,37,37,12,11,11,11,11,11,11,11,11,6,5,5,5,5,5,5,5,5,5,5,5,5,5,4,18,15,5,5,5,5,4,4,4,4,4,4,4,4,12,12,4,8,4,0,0,0,0,0,0,0,0,0,0,0,0,0,0,0,0,0,0,0,0,0,0,0,0,0,0,0,0,0,0,0,0,0,0,0,0,0,0,0,0,0,0,0,0,0,0,0,0,0,0,0,0,0,0,0,0,0,0,0,0,0
1705797210,10,10,5,2,2,15,16,16,16,16,16,16,16,16,14,15,14,14,14,13,13,13,13,13,13,13,13,12,4,15,12,4,4,4,4,5,5,5,5,5,5,5,5,15,15,5,10,5,0,0,0,0,0,0,0,0,0,0,1,1,1,1,1,1,1,1,2,1,1,1,1,0,1,1,1,1,1,1,1,1,2,1,1,1,1,1,1,1,1,1,1,1,1,0,0,0,0,0,0,0,0,0,0,0,0,0,0,0,0
1705797225,10,10,6,0,0,0,0,0,0,0,0,0,0,0,0,0,0,0,0,0,0,0,0,0,0,0,0,0,0,0,0,0,0,0,0,0,0,0,0,0,0,0,0,0,0,0,0,0,0,0,0,0,0,0,0,0,0,0,0,0,0,0,0,0,0,0,0,0,0,0,0,0,0,0,0,0,0,0,0,0,0,0,0,0,0,0,0,0,0,0,0,0,0,1,1,1,1,1,1,1,1,1,0,0,0,0,0,0,0
1705797240,10,10,0,0,0,0,0,0,0,0,0,0,0,0,0,0,0,0,0,0,0,0,0,0,0,0,0,0,0,0,0,0,0,0,0,0,0,0,0,0,0,0,0,0,0,0,0,0,0,0,1,0,0,0,14,0,0,0,0,0,0,0,0,0,0,0,0,0,0,0,0,0,0,0,0,0,0,0,0,0,0,0,0,0,0,0,0,0,0,0,0,0,0,0,0,0,0,0,0,0,0,0,1,1,0,0,0,0,0
1705797255,10,10,0,16,16,0,0,0,0,0,0,0,0,0,0,0,0,0,0,0,0,0,0,0,0,0,0,0,0,0,0,0,0,0,0,0,0,0,0,0,0,0,0,0,0,0,0,0,0,0,0,0,0,0,0,0,0,0,0,0,0,0,0,0,0,0,0,0,0,0,0,0,0,0,0,0,0,0,0,0,0,0,0,0,0,0,0,0,0,0,0,0,0,0,0,0,0,0,0,0,0,0,0,0,0,0,0,0,0
1705797270,10,10,0,34,34,15,0,0,0,0,0,0,0,0,4,0,4,4,0,4,4,4,4,4,4,4,4,4,0,0,0,0,0,0,0,0,0,0,0,0,0,0,0,0,0,0,0,0,0,0,0,0,0,0,0,0,0,0,0,0,0,0,0,0,0,0,0,0,0,0,0,0,0,0,0,0,0,0,0,0,0,0,0,0,0,0,0,0,0,0,0,0,0,0,0,0,0,0,0,0,0,0,0,0,15,15,15,0,0
1705797285,10,10,0,0,0,15,0,0,0,0,0,0,0,0,12,0,12,12,0,12,11,11,11,11,11,11,11,11,1,0,1,0,0,0,0,0,0,0,0,0,0,0,0,0,0,0,0,0,0,0,0,0,0,0,0,0,0,0,1,1,1,1,1,1,1,1,2,1,1,1,1,0,1,1,1,1,1,1,1,1,2,1,1,1,1,1,1,1,1,1,1,1,1,0,0,0,0,0,0,0,0,0,0,0,15,15,15,0,0
1705797300,10,10,0,0,0,0,0,0,0,0,0,0,0,0,0,0,0,0,0,0,0,0,0,0,0,0,0,0,0,0,0,0,0,0,0,0,0,0,0,0,0,0,0,0,0,0,0,0,0,0,0,0,0,0,0,0,0,0,0,0,0,0,0,0,0,0,0,0,0,0,0,0,0,0,0,0,0,0,0,0,0,0,0,0,0,0,0,0,0,0,0,0,0,0,0,0,0,0,0,0,0,0,0,0,0,0,0,0,0
1705797315,10,10,0,0,0,0,0,0,0,0,0,0,0,0,0,0,0,0,0,0,0,0,0,0,0,0,0,0,0,0,0,0,0,0,0,0,0,0,0,0,0,0,0,0,0,0,0,0,0,0,0,0,0,0,0,0,0,0,0,0,0,0,0,0,0,0,0,0,0,0,0,0,0,0,0,0,0,0,0,0,0,0,0,0,0,0,0,0,0,0,0,0,0,1,1,1,1,1,1,1,1,1,0,0,0,0,0,0,0
1705797330,10,10,0,0,0,0,0,0,0,0,0,0,0,0,0,0,0,0,0,0,0,0,0,0,0,0,0,0,0,0,0,0,0,0,0,0,0,0,0,0,0,0,0,0,0,0,0,0,0,0,0,0,0,0,0,0,0,0,0,0,0,0,0,0,0,0,0,0,0,0,0,0,0,0,0,0,0,0,0,0,0,0,0,0,0,0,0,0,0,0,0,0,0,0,0,0,0,0,0,0,0,0,0,0,0,0,0,0,0
1705797345,10,10,0,47,47,8,0,0,0,0,0,0,0,0,1,0,1,1,0,1,1,1,1,1,1,1,1,1,0,0,0,0,0,0,0,0,0,0,0,0,0,0,0,0,0,0,0,0,0,0,0,0,0,0,0,0,0,0,0,0,0,0,0,0,0,0,0,0,0,0,0,0,0,0,0,0,0,0,0,0,0,0,0,0,0,0,0,0,0,0,0,0,0,0,0,0,0,0,0,0,0,0,0,0,8,8,8,0,0
1705797360,10,10,0,3,3,18,0,0,0,0,0,0,0,0,13,0,13,13,0,13,13,13,13,13,13,13,13,13,1,0,1,0,0,0,0,0,0,0,0,0,0,0,0,0,0,0,0,0,0,0,0,0,0,0,0,0,0,0,1,1,1,1,1,1,1,1,2,1,1,1,1,0,1,1,1,1,1,1,1,1,2,1,1,1,1,1,1,1,1,1,1,1,1,0,0,0,0,0,0,0,0,0,0,0,18,18,18,0,0
1705797375,10,10,0,0,0,0,0,0,0,0,0,0,0,0,0,0,0,0,0,0,0,0,0,0,0,0,0,0,0,0,0,0,0,0,0,0,0,0,0,0,0,0,0,0,0,0,0,0,0,0,0,0,0,0,0,0,0,0,0,0,0,0,0,0,0,0,0,0,0,0,0,0,0,0,0,0,0,0,0,0,0,0,0,0,0,0,0,0,0,0,0,0,0,0,0,0,0,0,0,0,0,0,0,0,0,0,0,0,0
1705797390,10,10,0,0,0,0,0,0,0,0,0,0,0,0,0,0,0,0,0,0,0,0,0,0,0,0,0,0,0,0,0,0,0,0,0,0,0,0,0,0,0,0,0,0,0,0,0,0,0,0,0,0,0,0,0,0,0,0,0,0,0,0,0,0,0,0,0,0,0,0,0,0,0,0,0,0,0,0,0,0,0,0,0,0,0,0,0,0,0,0,0,0,0,0,0,0,0,0,0,0,0,0,0,0,0,0,0,0,0
1705797405,10,10,0,0,0,0,0,0,0,0,0,0,0,0,0,0,0,0,0,0,0,0,0,0,0,0,0,0,0,0,0,0,0,0,0,0,0,0,0,0,0,0,0,0,0,0,0,0,0,0,0,0,0,0,0,0,0,0,0,0,0,0,0,0,0,0,0,0,0,0,0,0,0,0,0,0,0,0,0,0,0,0,0,0,0,0,0,0,0,0,0,0,0,1,1,1,1,1,1,1,1,1,0,0,0,0,0,0,0
1705797420,10,10,2,0,0,0,0,0,0,0,0,0,0,0,0,0,0,0,0,0,0,0,0,0,0,0,0,0,0,0,0,0,0,0,0,0,0,0,0,0,0,0,0,0,0,0,0,0,0,0,0,0,0,0,0,0,0,0,0,0,0,0,0,0,0,0,0,0,0,0,0,0,0,0,0,0,0,0,0,0,0,0,0,0,0,0,0,0,0,0,0,0,0,0,0,0,0,0,0,0,0,0,0,0,0,0,0,0,0
1705797435,10,10,2,28,28,1,1,1,1,1,1,1,1,1,0,0,0,0,0,0,0,0,0,0,0,0,0,0,0,0,0,0,0,0,0,0,0,0,0,0,0,0,0,0,0,0,0,0,0,0,0,0,0,0,0,0,0,0,0,0,0,0,0,0,0,0,0,0,0,0,0,0,0,0,0,0,0,0,0,0,0,0,0,0,0,0,0,0,0,0,0,0,0,0,0,0,0,0,0,0,0,0,0,0,0,0,0,0,0
1705797450,10,10,5,22,22,19,19,19,19,19,19,19,19,19,10,10,10,10,10,10,10,10,10,10,10,10,10,10,0,0,0,0,0,0,0,0,0,0,0,0,0,0,0,0,0,0,0,0,0,0,4,0,0,0,0,0,0,0,0,0,0,0,0,0,0,0,0,0,0,0,0,0,0,0,0,0,0,0,0,0,0,0,0,0,0,0,0,0,0,0,0,0,0,0,0,0,0,0,0,0,0,0,0,0,0,0,0,0,0
1705797465,10,10,3,0,0,23,23,23,23,23,23,23,23,23,23,23,23,23,23,23,23,23,23,23,23,23,23,23,12,47,36,12,12,12,12,12,11,10,10,10,10,10,10,30,30,10,20,10,0,0,4,0,0,0,0,0,0,0,0,0,0,0,0,0,0,0,0,0,0,0,0,0,0,0,0,0,0,0,0,0,0,0,0,0,0,0,0,0,0,0,0,0,0,0,0,0,0,0,0,0,0,0,0,0,0,0,0,0,0
1705797480,10,10,3,14,14,11,11,11,11,11,11,11,11,11,16,16,15,15,15,15,15,15,15,15,15,15,15,15,24,93,68,23,23,22,22,21,22,22,22,22,22,22,22,66,66,22,44,22,0,0,4,1,2,0,0,27,0,1,0,0,0,0,0,0,0,0,0,0,0,0,0,0,0,0,0,0,0,0,0,0,0,0,0,0,0,0,0,0,0,0,0,0,0,0,0,0,0,0,0,0,0,0,0,0,0,0,0,0,0
1705797495,10,10,5,25,25,9,9,9,9,9,9,9,9,9,9,9,10,10,10,10,10,10,10,10,10,10,10,10,14,46,34,11,11,12,12,13,13,13,13,13,13,13,13,39,39,13,26,13,0,0,0,1,0,0,1,0,0,0,0,0,0,0,0,0,0,0,0,0,0,0,0,0,0,0,0,0,0,0,0,0,0,0,0,0,0,0,0,0,0,0,0,0,0,0,0,0,0,0,0,0,0,0,0,0,0,0,0,0,0
1705797510,10,10,3,10,10,18,18,18,18,18,18,18,18,18,17,16,15,15,15,15,15,15,15,15,15,15,15,14,9,50,39,13,13,13,13,13,13,13,13,13,13,13,13,39,39,13,26,13,0,0,0,0,0,0,0,0,0,0,0,0,0,0,0,0,0,0,0,0,0,0,0,0,0,0,0,0,0,0,0,0,0,0,0,0,0,0,0,0,0,0,0,0,0,0,0,0,0,0,0,0,0,0,0,0,0,0,0,0,0
1705797525,10,10,4,13,13,13,11,11,11,11,11,11,11,11,13,14,15,15,15,14,14,14,14,14,14,14,14,15,17,54,39,13,13,13,13,13,13,13,13,13,13,13,13,39,39,13,26,13,46,0,0,0,0,0,0,0,0,0,0,0,0,0,0,0,0,0,0,0,0,0,0,0,0,0,0,0,0,0,0,0,0,0,0,0,0,0,0,0,0,0,0,0,0,0,0,0,0,0,0,0,0,0,0,0,0,0,0,0,0
1705797540,10,10,7,13,13,16,18,18,18,18,18,18,18,18,14,13,13,13,13,14,14,14,14,14,14,14,14,14,13,59,43,15,15,14,14,14,14,13,13,13,13,13,13,39,39,13,26,13,0,0,1,0,0,0,0,0,0,0,0,0,0,0,0,0,0,0,0,0,0,0,0,0,0,0,0,0,0,0,0,0,0,0,0,0,0,0,0,0,0,0,0,0,0,0,0,0,0,0,0,0,0,0,0,0,0,0,0,0,0
1705797555,10,10,9,13,13,16,16,16,16,16,16,16,16,16,19,19,19,19,19,19,19,19,19,19,19,19,19,19,15,65,52,17,17,17,17,17,17,17,17,17,17,17,17,51,51,17,34,17,0,0,0,0,0,0,1,0,0,0,0,0,0,0,0,0,0,0,0,0,0,0,0,0,0,0,0,0,0,0,0,0,0,0,0,0,0,0,0,0,0,0,0,0,0,0,0,0,0,0,0,0,0,0,0,0,0,0,0,0,0
1705797570,10,10,8,19,19,12,12,12,12,12,12,12,12,12,11,12,12,12,11,11,11,11,11,11,11,11,11,11,17,63,46,15,15,16,16,16,16,16,16,16,16,16,16,48,48,16,32,16,23,0,0,0,2,0,0,71,1,1,0,0,0,0,0,0,0,0,0,0,0,0,0,0,0,0,0,0,0,0,0,0,0,0,0,0,0,0,0,0,0,0,0,0,0,0,0,0,0,0,0,0,0,0,0,0,0,0,0,0,0
1705797585,10,10,10,16,16,15,15,15,15,15,15,15,15,15,12,12,11,11,12,12,12,12,12,12,12,12,12,12,11,46,34,12,12,11,11,10,10,9,9,9,9,9,9,27,27,9,18,9,0,0,0,0,2,0,0,71,1,1,0,0,0,0,0,0,0,0,0,0,0,0,0,0,0,0,0,0,0,0,0,0,0,0,0,0,0,0,0,0,0,0,0,0,0,0,0,0,0,0,0,0,0,0,0,0,0,0,0,0,0
1705797600,10,10,7,9,9,18,18,18,18,18,18,18,18,18,20,19,20,20,20,20,20,20,20,20,20,20,20,20,16,68,52,17,17,17,17,18,18,18,18,18,18,18,18,54,54,18,36,18,0,0,0,0,0,0,1,0,0,0,0,0,0,0,0,0,0,0,0,0,0,0,0,0,0,0,0,0,0,0,0,0,0,0,0,0,0,0,0,0,0,0,0,0,0,0,0,0,0,0,0,0,0,0,0,0,0,0,0,0,0
1705797615,10,10,7,19,19,10,10,10,10,10,10,10,10,10,14,15,15,15,15,15,14,14,14,14,14,14,14,14,16,64,48,16,16,16,16,16,16,14,14,14,14,14,14,42,42,14,28,14,0,0,2,0,0,0,0,0,0,0,0,0,0,0,0,0,0,0,0,0,0,0,0,0,0,0,0,0,0,0,0,0,0,0,0,0,0,0,0,0,0,0,0,0,0,0,0,0,0,0,0,0,0,0,0,0,0,0,0,0,0
1705797630,10,10,8,13,13,15,14,14,14,14,14,14,14,14,12,12,11,11,10,10,11,11,11,11,11,11,11,11,15,52,38,13,13,12,12,12,12,14,14,14,14,14,14,42,42,14,28,14,0,0,0,0,0,0,0,0,0,0,0,0,0,0,0,0,0,0,0,0,0,0,0,0,0,0,0,0,0,0,0,0,0,0,0,0,0,0,0,0,0,0,0,0,0,0,0,0,0,0,0,0,0,0,0,0,0,0,0,0,0
1705797645,10,10,7,15,15,14,14,14,14,14,14,14,14,14,13,11,12,12,13,13,13,13,13,13,13,13,13,13,14,58,43,15,15,14,14,14,14,13,13,13,13,13,13,39,39,13,26,13,23,0,0,0,0,0,0,0,0,0,0,0,0,0,0,0,0,0,0,0,0,0,0,0,0,0,0,0,0,0,0,0,0,0,0,0,0,0,0,0,0,0,0,0,0,0,0,0,0,0,0,0,0,0,0,0,0,0,0,0,0
1705797660,10,10,3,6,6,10,10,10,10,10,10,10,10,10,9,10,10,10,7,10,10,10,10,10,10,10,10,10,4,19,17,4,4,7,7,6,6,6,6,6,6,6,6,18,18,6,12,6,0,0,1,0,4,0,13,97,1,2,1,0,1,0,1,1,1,1,2,1,1,1,1,1,1,1,1,1,1,1,1,1,2,1,1,1,1,1,1,1,1,1,1,1,1,0,0,0,0,0,0,0,0,0,1,1,1,1,1,1,1
1705797675,10,10,0,0,0,0,0,0,0,0,0,0,0,0,0,0,0,0,0,0,0,0,0,0,0,0,0,0,0,0,0,0,0,0,0,0,0,0,0,0,0,0,0,0,0,0,0,0,0,0,0,0,0,0,0,0,0,0,0,0,0,0,0,0,0,0,0,0,0,0,0,0,0,0,0,0,0,0,0,0,0,0,0,0,0,0,0,0,0,0,0,0,0,0,0,0,0,0,0,0,0,0,0,0,0,0,0,0,0
1705797690,10,10,0,0,0,0,0,0,0,0,0,0,0,0,0,0,0,0,0,0,0,0,0,0,0,0,0,0,0,0,0,0,0,0,0,0,0,0,0,0,0,0,0,0,0,0,0,0,0,0,0,0,0,0,0,0,0,0,0,0,0,0,0,0,0,0,0,0,0,0,0,0,0,0,0,0,0,0,0,0,0,0,0,0,0,0,0,0,0,0,0,0,0,0,0,0,0,0,0,0,0,0,0,0,0,0,0,0,0
1705797705,2,4,0,0,0,0,0,0,0,0,0,0,0,0,0,0,0,0,0,0,0,0,0,0,0,0,0,0,0,0,0,0,0,0,0,0,0,0,0,0,0,0,0,0,0,0,0,0,0,0,0,0,0,0,0,0,0,0,0,0,0,0,0,0,0,0,0,0,0,0,0,0,0,0,0,0,0,0,0,0,0,0,0,0,0,0,0,0,0,0,0,0,0,0,0,0,0,0,0,0,0,0,0,0,0,0,0,0,0
